pollster,pollster_key,field_dates,start_date,end_date,published_date,sample_size,population,dem_pct,rep_pct,margin_a,rcp_dem_pct,rcp_rep_pct,official_dem_pct,official_rep_pct,use_official_override,date_exact,sample_exact,population_exact,date_inferred,sample_inferred,population_inferred,partisan_flag,source_family,topline_source,metadata_source,notes,label_a,label_b,obs_date
Quantus Insights,quantus insights,1/22 - 1/23,2025-01-22,2025-01-23,2025-01-23,1000.0,RV,45.0,48.0,-3.0,45.0,48.0,,,False,True,True,True,False,False,False,False,rcp_historical_archive,rcp_archive,rcp_archive,,Democrat,Republican,2025-01-23
Fabrizio/Anzalone,fabrizio/anzalone,1/27 - 2/1,2025-01-27,2025-02-01,2025-02-01,3000.0,RV,43.0,43.0,0.0,43.0,43.0,,,False,True,True,True,False,False,False,False,rcp_historical_archive,rcp_archive,rcp_archive,,Democrat,Republican,2025-02-01
Cygnal,cygnal,2/4 - 2/5,2025-02-04,2025-02-05,2025-02-05,1500.0,LV,46.0,47.0,-1.0,46.0,47.0,,,False,True,True,True,False,False,False,False,rcp_historical_archive,rcp_archive,rcp_archive,,Democrat,Republican,2025-02-05
CC Labs**,cc labs,1/31 - 2/6,2025-01-31,2025-02-06,2025-02-06,1102.0,RV,45.0,44.0,1.0,45.0,44.0,,,False,True,True,True,False,False,False,True,rcp_historical_archive,rcp_archive,rcp_archive,,Democrat,Republican,2025-02-06
Emerson,emerson,3/2 - 3/3,2025-03-02,2025-03-03,2025-03-03,1000.0,RV,44.0,41.0,3.0,44.0,41.0,,,False,True,True,True,False,False,False,False,rcp_historical_archive,rcp_archive,rcp_archive,,Democrat,Republican,2025-03-03
NBC News,nbc news,3/7 - 3/11,2025-03-07,2025-03-11,2025-03-11,1000.0,RV,48.0,47.0,1.0,48.0,47.0,,,False,True,True,True,False,False,False,False,rcp_historical_archive,rcp_archive,rcp_archive,,Democrat,Republican,2025-03-11
Quantus Insights,quantus insights,3/25 - 3/27,2025-03-25,2025-03-27,2025-03-27,1000.0,RV,45.0,46.0,-1.0,45.0,46.0,,,False,True,True,True,False,False,False,False,rcp_historical_archive,rcp_archive,rcp_archive,,Democrat,Republican,2025-03-27
Wall Street Journal,wall street journal,3/27 - 4/1,2025-03-27,2025-04-01,2025-04-01,1500.0,RV,44.0,43.0,1.0,44.0,43.0,,,False,True,True,True,False,False,False,False,rcp_historical_archive,rcp_archive,rcp_archive,,Democrat,Republican,2025-04-01
Cygnal,cygnal,4/1 - 4/3,2025-04-01,2025-04-03,2025-04-03,1500.0,LV,48.0,47.0,1.0,48.0,47.0,,,False,True,True,True,False,False,False,False,rcp_historical_archive,rcp_archive,rcp_archive,,Democrat,Republican,2025-04-03
Economist/YouGov,economist/yougov,4/5 - 4/8,2025-04-05,2025-04-08,2025-04-08,1563.0,RV,43.0,42.0,1.0,43.0,42.0,,,False,True,True,True,False,False,False,False,rcp_historical_archive,rcp_archive,rcp_archive,,Democrat,Republican,2025-04-08
CNBC,cnbc,4/9 - 4/13,2025-04-09,2025-04-13,2025-04-13,800.0,RV,48.0,46.0,2.0,48.0,46.0,,,False,True,True,True,False,False,False,False,rcp_historical_archive,rcp_archive,rcp_archive,,Democrat,Republican,2025-04-13
RMG Research**,rmg research,4/16 - 4/16,2025-04-16,2025-04-16,2025-04-16,1000.0,RV,50.0,45.0,5.0,50.0,45.0,,,False,True,True,True,False,False,False,True,rcp_historical_archive,rcp_archive,rcp_archive,,Democrat,Republican,2025-04-16
FOX News,fox news,4/18 - 4/21,2025-04-18,2025-04-21,2025-04-21,1104.0,RV,49.0,42.0,7.0,49.0,42.0,,,False,True,True,True,False,False,False,False,rcp_historical_archive,rcp_archive,rcp_archive,,Democrat,Republican,2025-04-21
NY Times/Siena,ny times/siena,4/21 - 4/24,2025-04-21,2025-04-24,2025-04-24,913.0,RV,47.0,44.0,3.0,47.0,44.0,,,False,True,True,True,False,False,False,False,rcp_historical_archive,rcp_archive,rcp_archive,,Democrat,Republican,2025-04-24
NewsNation,newsnation,4/23 - 4/27,2025-04-23,2025-04-27,2025-04-27,1448.0,RV,45.0,40.0,5.0,45.0,40.0,,,False,True,True,True,False,False,False,False,rcp_historical_archive,rcp_archive,rcp_archive,,Democrat,Republican,2025-04-27
Big Data Poll,big data poll,5/3 - 5/5,2025-05-03,2025-05-05,2025-05-05,3128.0,RV,40.0,42.0,-2.0,40.0,42.0,,,False,True,True,True,False,False,False,False,rcp_historical_archive,rcp_archive,rcp_archive,,Democrat,Republican,2025-05-05
Quantus Insights,quantus insights,5/5 - 5/7,2025-05-05,2025-05-07,2025-05-07,1000.0,RV,45.0,45.0,0.0,45.0,45.0,,,False,True,True,True,False,False,False,False,rcp_historical_archive,rcp_archive,rcp_archive,,Democrat,Republican,2025-05-07
Rasmussen Reports,rasmussen reports,5/14 - 5/15,2025-05-14,2025-05-15,2025-05-15,1012.0,LV,45.0,44.0,1.0,45.0,44.0,,,False,True,True,True,False,False,False,False,rcp_historical_archive,rcp_archive,rcp_archive,,Democrat,Republican,2025-05-15
RMG Research**,rmg research,5/20 - 5/21,2025-05-20,2025-05-21,2025-05-21,1000.0,RV,48.0,45.0,3.0,48.0,45.0,,,False,True,True,True,False,False,False,True,rcp_historical_archive,rcp_archive,rcp_archive,,Democrat,Republican,2025-05-21
Atlas Intel,atlas intel,5/21 - 5/27,2025-05-21,2025-05-27,2025-05-27,3469.0,ADULTS,51.0,42.0,9.0,51.0,42.0,,,False,True,True,True,False,False,False,False,rcp_historical_archive,rcp_archive,rcp_archive,,Democrat,Republican,2025-05-27
Economist/YouGov,economist/yougov,5/30 - 6/2,2025-05-30,2025-06-02,2025-06-02,1436.0,RV,44.0,42.0,2.0,44.0,42.0,,,False,True,True,True,False,False,False,False,rcp_historical_archive,rcp_archive,rcp_archive,,Democrat,Republican,2025-06-02
Cygnal,cygnal,6/3 - 6/4,2025-06-03,2025-06-04,2025-06-04,1500.0,LV,47.0,47.0,0.0,47.0,47.0,,,False,True,True,True,False,False,False,False,rcp_historical_archive,rcp_archive,rcp_archive,,Democrat,Republican,2025-06-04
Quantus Insights,quantus insights,6/1 - 6/4,2025-06-01,2025-06-04,2025-06-04,1000.0,RV,46.0,45.0,1.0,46.0,45.0,,,False,True,True,True,False,False,False,False,rcp_historical_archive,rcp_archive,rcp_archive,,Democrat,Republican,2025-06-04
Quantus Insights,quantus insights,6/9 - 6/11,2025-06-09,2025-06-11,2025-06-11,1000.0,RV,43.0,43.0,0.0,43.0,43.0,,,False,True,True,True,False,False,False,False,rcp_historical_archive,rcp_archive,rcp_archive,,Democrat,Republican,2025-06-11
RMG Research**,rmg research,6/18 - 6/19,2025-06-18,2025-06-19,2025-06-19,1000.0,RV,44.0,52.0,-8.0,44.0,52.0,,,False,True,True,True,False,False,False,True,rcp_historical_archive,rcp_archive,rcp_archive,,Democrat,Republican,2025-06-19
Emerson,emerson,6/24 - 6/25,2025-06-24,2025-06-25,2025-06-25,1000.0,RV,43.0,40.0,3.0,43.0,40.0,,,False,True,True,True,False,False,False,False,rcp_historical_archive,rcp_archive,rcp_archive,,Democrat,Republican,2025-06-25
Cygnal,cygnal,7/1 - 7/2,2025-07-01,2025-07-02,2025-07-02,1500.0,LV,47.0,46.0,1.0,47.0,46.0,,,False,True,True,True,False,False,False,False,rcp_historical_archive,rcp_archive,rcp_archive,,Democrat,Republican,2025-07-02
Big Data Poll,big data poll,7/12 - 7/14,2025-07-12,2025-07-14,2025-07-14,3022.0,RV,42.0,41.0,1.0,42.0,41.0,,,False,True,True,True,False,False,False,False,rcp_historical_archive,rcp_archive,rcp_archive,,Democrat,Republican,2025-07-14
Quantus Insights,quantus insights,7/14 - 7/16,2025-07-14,2025-07-16,2025-07-16,1000.0,RV,44.0,42.0,2.0,44.0,42.0,,,False,True,True,True,False,False,False,False,rcp_historical_archive,rcp_archive,rcp_archive,,Democrat,Republican,2025-07-16
RMG Research**,rmg research,7/14 - 7/16,2025-07-14,2025-07-16,2025-07-16,2000.0,RV,45.0,49.0,-4.0,45.0,49.0,,,False,True,True,True,False,False,False,True,rcp_historical_archive,rcp_archive,rcp_archive,,Democrat,Republican,2025-07-16
Rasmussen Reports,rasmussen reports,7/13 - 7/17,2025-07-13,2025-07-17,2025-07-17,2288.0,LV,46.0,42.0,4.0,46.0,42.0,,,False,True,True,True,False,False,False,False,rcp_historical_archive,rcp_archive,rcp_archive,,Democrat,Republican,2025-07-17
Atlas Intel,atlas intel,7/13 - 7/18,2025-07-13,2025-07-18,2025-07-18,1935.0,ADULTS,51.0,43.0,8.0,51.0,43.0,,,False,True,True,True,False,False,False,False,rcp_historical_archive,rcp_archive,rcp_archive,,Democrat,Republican,2025-07-18
Wall Street Journal,wall street journal,7/16 - 7/20,2025-07-16,2025-07-20,2025-07-20,1500.0,RV,46.0,43.0,3.0,46.0,43.0,,,False,True,True,True,False,False,False,False,rcp_historical_archive,rcp_archive,rcp_archive,,Democrat,Republican,2025-07-20
Emerson,emerson,7/21 - 7/22,2025-07-21,2025-07-22,2025-07-22,1400.0,RV,44.0,42.0,2.0,44.0,42.0,,,False,True,True,True,False,False,False,False,rcp_historical_archive,rcp_archive,rcp_archive,,Democrat,Republican,2025-07-22
Economist/YouGov,economist/yougov,7/25 - 7/28,2025-07-25,2025-07-28,2025-07-28,1610.0,RV,43.0,41.0,2.0,43.0,41.0,,,False,True,True,True,False,False,False,False,rcp_historical_archive,rcp_archive,rcp_archive,,Democrat,Republican,2025-07-28
Yahoo News,yahoo news,7/24 - 7/28,2025-07-24,2025-07-28,2025-07-28,1167.0,RV,46.0,39.0,7.0,46.0,39.0,,,False,True,True,True,False,False,False,False,rcp_historical_archive,rcp_archive,rcp_archive,,Democrat,Republican,2025-07-28
CNBC,cnbc,7/29 - 8/3,2025-07-29,2025-08-03,2025-08-03,1000.0,ADULTS,49.0,44.0,5.0,49.0,44.0,,,False,True,True,True,False,False,False,False,rcp_historical_archive,rcp_archive,rcp_archive,,Democrat,Republican,2025-08-03
Economist/YouGov,economist/yougov,8/1 - 8/4,2025-08-01,2025-08-04,2025-08-04,1528.0,RV,44.0,38.0,6.0,44.0,38.0,,,False,True,True,True,False,False,False,False,rcp_historical_archive,rcp_archive,rcp_archive,,Democrat,Republican,2025-08-04
Cygnal,cygnal,8/7 - 8/9,2025-08-07,2025-08-09,2025-08-09,1500.0,RV,47.0,46.0,1.0,47.0,46.0,,,False,True,True,True,False,False,False,False,rcp_historical_archive,rcp_archive,rcp_archive,,Democrat,Republican,2025-08-09
Economist/YouGov,economist/yougov,8/9 - 8/11,2025-08-09,2025-08-11,2025-08-11,1474.0,RV,42.0,40.0,2.0,42.0,40.0,,,False,True,True,True,False,False,False,False,rcp_historical_archive,rcp_archive,rcp_archive,,Democrat,Republican,2025-08-11
Quantus Insights,quantus insights,8/11 - 8/13,2025-08-11,2025-08-13,2025-08-13,1000.0,RV,45.0,42.0,3.0,45.0,42.0,,,False,True,True,True,False,False,False,False,rcp_historical_archive,rcp_archive,rcp_archive,,Democrat,Republican,2025-08-13
Economist/YouGov,economist/yougov,8/15 - 8/18,2025-08-15,2025-08-18,2025-08-18,1408.0,RV,44.0,39.0,5.0,44.0,39.0,,,False,True,True,True,False,False,False,False,rcp_historical_archive,rcp_archive,rcp_archive,,Democrat,Republican,2025-08-18
RMG Research**,rmg research,8/18 - 8/21,2025-08-18,2025-08-21,2025-08-21,2000.0,RV,47.0,47.0,0.0,47.0,47.0,,,False,True,True,True,False,False,False,True,rcp_historical_archive,rcp_archive,rcp_archive,,Democrat,Republican,2025-08-21
Reuters/Ipsos,reuters/ipsos,8/22 - 8/24,2025-08-22,2025-08-24,2025-08-24,1022.0,ADULTS,38.0,34.0,4.0,38.0,34.0,,,False,True,True,True,False,False,False,False,rcp_historical_archive,rcp_archive,rcp_archive,,Democrat,Republican,2025-08-24
Economist/YouGov,economist/yougov,8/22 - 8/25,2025-08-22,2025-08-25,2025-08-25,1377.0,RV,43.0,41.0,2.0,43.0,41.0,,,False,True,True,True,False,False,False,False,rcp_historical_archive,rcp_archive,rcp_archive,,Democrat,Republican,2025-08-25
Emerson,emerson,8/25 - 8/26,2025-08-25,2025-08-26,2025-08-26,1000.0,RV,43.0,43.0,0.0,43.0,43.0,,,False,True,True,True,False,False,False,False,rcp_historical_archive,rcp_archive,rcp_archive,,Democrat,Republican,2025-08-26
CNN,cnn,8/21 - 9/1,2025-08-21,2025-09-01,2025-09-01,,RV,52.0,48.0,4.0,52.0,48.0,,,False,True,False,True,False,True,False,False,rcp_historical_archive,rcp_archive,rcp_archive,,Democrat,Republican,2025-09-01
Economist/YouGov,economist/yougov,8/29 - 9/2,2025-08-29,2025-09-02,2025-09-02,1549.0,RV,43.0,39.0,4.0,43.0,39.0,,,False,True,True,True,False,False,False,False,rcp_historical_archive,rcp_archive,rcp_archive,,Democrat,Republican,2025-09-02
Yahoo News,yahoo news,8/29 - 9/2,2025-08-29,2025-09-02,2025-09-02,1136.0,RV,44.0,40.0,4.0,44.0,40.0,,,False,True,True,True,False,False,False,False,rcp_historical_archive,rcp_archive,rcp_archive,,Democrat,Republican,2025-09-02
Cygnal,cygnal,9/2 - 9/3,2025-09-02,2025-09-03,2025-09-03,1500.0,RV,48.0,45.0,3.0,48.0,45.0,,,False,True,True,True,False,False,False,False,rcp_historical_archive,rcp_archive,rcp_archive,,Democrat,Republican,2025-09-03
Morning Consult,morning consult,9/5 - 9/7,2025-09-05,2025-09-07,2025-09-07,2200.0,RV,45.0,41.0,4.0,45.0,41.0,,,False,True,True,True,False,False,False,False,rcp_historical_archive,rcp_archive,rcp_archive,,Democrat,Republican,2025-09-07
Economist/YouGov,economist/yougov,9/5 - 9/8,2025-09-05,2025-09-08,2025-09-08,1487.0,RV,44.0,40.0,4.0,44.0,40.0,,,False,True,True,True,False,False,False,False,rcp_historical_archive,rcp_archive,rcp_archive,,Democrat,Republican,2025-09-08
NAIP**,naip,9/6 - 9/13,2025-09-06,2025-09-13,2025-09-13,2071.0,LV,45.0,43.0,2.0,45.0,43.0,,,False,True,True,True,False,False,False,True,rcp_historical_archive,rcp_archive,rcp_archive,,Democrat,Republican,2025-09-13
Economist/YouGov,economist/yougov,9/12 - 9/15,2025-09-12,2025-09-15,2025-09-15,1420.0,RV,43.0,41.0,2.0,43.0,41.0,,,False,True,True,True,False,False,False,False,rcp_historical_archive,rcp_archive,rcp_archive,,Democrat,Republican,2025-09-15
Atlas Intel,atlas intel,9/12 - 9/16,2025-09-12,2025-09-16,2025-09-16,1066.0,ADULTS,52.0,44.0,8.0,52.0,44.0,,,False,True,True,True,False,False,False,False,rcp_historical_archive,rcp_archive,rcp_archive,,Democrat,Republican,2025-09-16
Economist/YouGov,economist/yougov,9/19 - 9/22,2025-09-19,2025-09-22,2025-09-22,1392.0,RV,45.0,42.0,3.0,45.0,42.0,,,False,True,True,True,False,False,False,False,rcp_historical_archive,rcp_archive,rcp_archive,,Democrat,Republican,2025-09-22
RMG Research**,rmg research,9/22 - 9/24,2025-09-22,2025-09-24,2025-09-24,2000.0,RV,45.0,46.0,-1.0,45.0,46.0,,,False,True,True,True,False,False,False,True,rcp_historical_archive,rcp_archive,rcp_archive,,Democrat,Republican,2025-09-24
NY Times/Siena,ny times/siena,9/22 - 9/27,2025-09-22,2025-09-27,2025-09-27,1313.0,RV,47.0,45.0,2.0,47.0,45.0,,,False,True,True,True,False,False,False,False,rcp_historical_archive,rcp_archive,rcp_archive,,Democrat,Republican,2025-09-27
Economist/YouGov,economist/yougov,9/26 - 9/29,2025-09-26,2025-09-29,2025-09-29,1518.0,RV,44.0,41.0,3.0,44.0,41.0,,,False,True,True,True,False,False,False,False,rcp_historical_archive,rcp_archive,rcp_archive,,Democrat,Republican,2025-09-29
Yahoo News,yahoo news,9/25 - 9/29,2025-09-25,2025-09-29,2025-09-29,1126.0,RV,44.0,40.0,4.0,44.0,40.0,,,False,True,True,True,False,False,False,False,rcp_historical_archive,rcp_archive,rcp_archive,,Democrat,Republican,2025-09-29
Morning Consult,morning consult,10/3 - 10/5,2025-10-03,2025-10-05,2025-10-05,2200.0,RV,46.0,43.0,3.0,46.0,43.0,,,False,True,True,True,False,False,False,False,rcp_historical_archive,rcp_archive,rcp_archive,,Democrat,Republican,2025-10-05
Economist/YouGov,economist/yougov,10/4 - 10/6,2025-10-04,2025-10-06,2025-10-06,1490.0,RV,44.0,39.0,5.0,44.0,39.0,,,False,True,True,True,False,False,False,False,rcp_historical_archive,rcp_archive,rcp_archive,,Democrat,Republican,2025-10-06
Cygnal,cygnal,10/7 - 10/8,2025-10-07,2025-10-08,2025-10-08,1500.0,LV,48.0,45.0,3.0,48.0,45.0,,,False,True,True,True,False,False,False,False,rcp_historical_archive,rcp_archive,rcp_archive,,Democrat,Republican,2025-10-08
Quantus Insights,quantus insights,10/6 - 10/8,2025-10-06,2025-10-08,2025-10-08,1000.0,RV,42.0,43.0,-1.0,42.0,43.0,,,False,True,True,True,False,False,False,False,rcp_historical_archive,rcp_archive,rcp_archive,,Democrat,Republican,2025-10-08
CNBC,cnbc,10/8 - 10/12,2025-10-08,2025-10-12,2025-10-12,,RV,48.0,47.0,1.0,48.0,47.0,,,False,True,False,True,False,True,False,False,rcp_historical_archive,rcp_archive,rcp_archive,,Democrat,Republican,2025-10-12
Morning Consult,morning consult,10/10 - 10/12,2025-10-10,2025-10-12,2025-10-12,2202.0,RV,46.0,43.0,3.0,46.0,43.0,,,False,True,True,True,False,False,False,False,rcp_historical_archive,rcp_archive,rcp_archive,,Democrat,Republican,2025-10-12
Economist/YouGov,economist/yougov,10/10 - 10/13,2025-10-10,2025-10-13,2025-10-13,1467.0,RV,43.0,40.0,3.0,43.0,40.0,,,False,True,True,True,False,False,False,False,rcp_historical_archive,rcp_archive,rcp_archive,,Democrat,Republican,2025-10-13
Emerson,emerson,10/13 - 10/14,2025-10-13,2025-10-14,2025-10-14,1000.0,RV,44.0,43.0,1.0,44.0,43.0,,,False,True,True,True,False,False,False,False,rcp_historical_archive,rcp_archive,rcp_archive,,Democrat,Republican,2025-10-14
Morning Consult,morning consult,10/17 - 10/19,2025-10-17,2025-10-19,2025-10-19,2200.0,RV,46.0,43.0,3.0,46.0,43.0,,,False,True,True,True,False,False,False,False,rcp_historical_archive,rcp_archive,rcp_archive,,Democrat,Republican,2025-10-19
Economist/YouGov,economist/yougov,10/17 - 10/20,2025-10-17,2025-10-20,2025-10-20,1448.0,RV,45.0,40.0,5.0,45.0,40.0,,,False,True,True,True,False,False,False,False,rcp_historical_archive,rcp_archive,rcp_archive,,Democrat,Republican,2025-10-20
Quinnipiac,quinnipiac,10/16 - 10/20,2025-10-16,2025-10-20,2025-10-20,1327.0,RV,50.0,41.0,9.0,50.0,41.0,,,False,True,True,True,False,False,False,False,rcp_historical_archive,rcp_archive,rcp_archive,,Democrat,Republican,2025-10-20
Morning Consult,morning consult,10/24 - 10/26,2025-10-24,2025-10-26,2025-10-26,2202.0,RV,45.0,42.0,3.0,45.0,42.0,,,False,True,True,True,False,False,False,False,rcp_historical_archive,rcp_archive,rcp_archive,,Democrat,Republican,2025-10-26
Economist/YouGov,economist/yougov,10/24 - 10/27,2025-10-24,2025-10-27,2025-10-27,1476.0,RV,43.0,40.0,3.0,43.0,40.0,,,False,True,True,True,False,False,False,False,rcp_historical_archive,rcp_archive,rcp_archive,,Democrat,Republican,2025-10-27
Yahoo News,yahoo news,10/23 - 10/27,2025-10-23,2025-10-27,2025-10-27,1197.0,RV,45.0,40.0,5.0,45.0,40.0,,,False,True,True,True,False,False,False,False,rcp_historical_archive,rcp_archive,rcp_archive,,Democrat,Republican,2025-10-27
ABC/WP/Ipsos,abc/wp/ipsos,10/24 - 10/28,2025-10-24,2025-10-28,2025-10-28,2203.0,RV,46.0,44.0,2.0,46.0,44.0,,,False,True,True,True,False,False,False,False,rcp_historical_archive,rcp_archive,rcp_archive,,Democrat,Republican,2025-10-28
NBC News,nbc news,10/24 - 10/28,2025-10-24,2025-10-28,2025-10-28,1000.0,RV,50.0,42.0,8.0,50.0,42.0,,,False,True,True,True,False,False,False,False,rcp_historical_archive,rcp_archive,rcp_archive,,Democrat,Republican,2025-10-28
Big Data Poll,big data poll,10/26 - 10/29,2025-10-26,2025-10-29,2025-10-29,2984.0,RV,43.0,41.0,2.0,43.0,41.0,,,False,True,True,True,False,False,False,False,rcp_historical_archive,rcp_archive,rcp_archive,,Democrat,Republican,2025-10-29
NewsNation,newsnation,10/27 - 10/29,2025-10-27,2025-10-29,2025-10-29,1159.0,LV,47.0,47.0,0.0,47.0,47.0,,,False,True,True,True,False,False,False,False,rcp_historical_archive,rcp_archive,rcp_archive,,Democrat,Republican,2025-10-29
CNN,cnn,10/27 - 10/30,2025-10-27,2025-10-30,2025-10-30,954.0,RV,47.0,42.0,5.0,47.0,42.0,,,False,True,True,True,False,False,False,False,rcp_historical_archive,rcp_archive,rcp_archive,,Democrat,Republican,2025-10-30
Morning Consult,morning consult,10/31 - 11/2,2025-10-31,2025-11-02,2025-11-02,2202.0,RV,45.0,42.0,3.0,45.0,42.0,,,False,True,True,True,False,False,False,False,rcp_historical_archive,rcp_archive,rcp_archive,,Democrat,Republican,2025-11-02
Economist/YouGov,economist/yougov,10/31 - 11/3,2025-10-31,2025-11-03,2025-11-03,1475.0,RV,44.0,41.0,3.0,44.0,41.0,,,False,True,True,True,False,False,False,False,rcp_historical_archive,rcp_archive,rcp_archive,,Democrat,Republican,2025-11-03
Emerson,emerson,11/3 - 11/4,2025-11-03,2025-11-04,2025-11-04,1000.0,RV,44.0,40.0,4.0,44.0,40.0,,,False,True,True,True,False,False,False,False,rcp_historical_archive,rcp_archive,rcp_archive,,Democrat,Republican,2025-11-04
Cygnal,cygnal,11/5 - 11/6,2025-11-05,2025-11-06,2025-11-06,1500.0,RV,50.0,44.0,6.0,50.0,44.0,,,False,True,True,True,False,False,False,False,rcp_historical_archive,rcp_archive,rcp_archive,,Democrat,Republican,2025-11-06
Morning Consult,morning consult,11/7 - 11/9,2025-11-07,2025-11-09,2025-11-09,2201.0,RV,48.0,43.0,5.0,48.0,43.0,,,False,True,True,True,False,False,False,False,rcp_historical_archive,rcp_archive,rcp_archive,,Democrat,Republican,2025-11-09
Economist/YouGov,economist/yougov,11/7 - 11/10,2025-11-07,2025-11-10,2025-11-10,1500.0,RV,46.0,39.0,7.0,46.0,39.0,,,False,True,True,True,False,False,False,False,rcp_historical_archive,rcp_archive,rcp_archive,,Democrat,Republican,2025-11-10
Marquette,marquette,11/5 - 11/12,2025-11-05,2025-11-12,2025-11-12,903.0,RV,49.0,44.0,5.0,49.0,44.0,,,False,True,True,True,False,False,False,False,rcp_historical_archive,rcp_archive,rcp_archive,,Democrat,Republican,2025-11-12
Quantus Insights,quantus insights,11/11 - 11/12,2025-11-11,2025-11-12,2025-11-12,1000.0,RV,44.0,39.0,5.0,44.0,39.0,,,False,True,True,True,False,False,False,False,rcp_historical_archive,rcp_archive,rcp_archive,,Democrat,Republican,2025-11-12
Reuters/Ipsos,reuters/ipsos,11/7 - 11/12,2025-11-07,2025-11-12,2025-11-12,938.0,RV,41.0,40.0,1.0,41.0,40.0,,,False,True,True,True,False,False,False,False,rcp_historical_archive,rcp_archive,rcp_archive,,Democrat,Republican,2025-11-12
NPR/PBS/Marist,npr/pbs/marist,11/10 - 11/13,2025-11-10,2025-11-13,2025-11-13,1291.0,RV,55.0,41.0,14.0,55.0,41.0,,,False,True,True,True,False,False,False,False,rcp_historical_archive,rcp_archive,rcp_archive,,Democrat,Republican,2025-11-13
Morning Consult,morning consult,11/14 - 11/16,2025-11-14,2025-11-16,2025-11-16,2201.0,RV,46.0,44.0,2.0,46.0,44.0,,,False,True,True,True,False,False,False,False,rcp_historical_archive,rcp_archive,rcp_archive,,Democrat,Republican,2025-11-16
Economist/YouGov,economist/yougov,11/15 - 11/17,2025-11-15,2025-11-17,2025-11-17,1382.0,RV,43.0,40.0,3.0,43.0,40.0,,,False,True,True,True,False,False,False,False,rcp_historical_archive,rcp_archive,rcp_archive,,Democrat,Republican,2025-11-17
Morning Consult,morning consult,11/21 - 11/23,2025-11-21,2025-11-23,2025-11-23,2200.0,RV,45.0,43.0,2.0,45.0,43.0,,,False,True,True,True,False,False,False,False,rcp_historical_archive,rcp_archive,rcp_archive,,Democrat,Republican,2025-11-23
Rasmussen Reports,rasmussen reports,11/18 - 11/23,2025-11-18,2025-11-23,2025-11-23,2410.0,LV,45.0,42.0,3.0,45.0,42.0,,,False,True,True,True,False,False,False,False,rcp_historical_archive,rcp_archive,rcp_archive,,Democrat,Republican,2025-11-23
Economist/YouGov,economist/yougov,11/21 - 11/24,2025-11-21,2025-11-24,2025-11-24,1511.0,RV,44.0,39.0,5.0,44.0,39.0,,,False,True,True,True,False,False,False,False,rcp_historical_archive,rcp_archive,rcp_archive,,Democrat,Republican,2025-11-24
Daily Mail,daily mail,11/19 - 11/25,2025-11-19,2025-11-25,2025-11-25,797.0,LV,50.0,46.0,4.0,50.0,46.0,,,False,True,True,True,False,False,False,False,rcp_historical_archive,rcp_archive,rcp_archive,,Democrat,Republican,2025-11-25
Morning Consult,morning consult,11/26 - 11/30,2025-11-26,2025-11-30,2025-11-30,2200.0,RV,45.0,41.0,4.0,45.0,41.0,,,False,True,True,True,False,False,False,False,rcp_historical_archive,rcp_archive,rcp_archive,,Democrat,Republican,2025-11-30
Big Data Poll,big data poll,11/28 - 12/1,2025-11-28,2025-12-01,2025-12-01,2008.0,RV,44.0,42.0,2.0,44.0,42.0,,,False,True,True,True,False,False,False,False,rcp_historical_archive,rcp_archive,rcp_archive,,Democrat,Republican,2025-12-01
Economist/YouGov,economist/yougov,11/28 - 12/1,2025-11-28,2025-12-01,2025-12-01,1456.0,RV,45.0,39.0,6.0,45.0,39.0,,,False,True,True,True,False,False,False,False,rcp_historical_archive,rcp_archive,rcp_archive,,Democrat,Republican,2025-12-01
RMG Research**,rmg research,12/1 - 12/4,2025-12-01,2025-12-04,2025-12-04,2000.0,RV,41.0,45.0,-4.0,41.0,45.0,,,False,True,True,True,False,False,False,True,rcp_historical_archive,rcp_archive,rcp_archive,,Democrat,Republican,2025-12-04
Quantus Insights,quantus insights,12/4 - 12/5,2025-12-04,2025-12-05,2025-12-05,1000.0,RV,44.0,40.0,4.0,44.0,40.0,,,False,True,True,True,False,False,False,False,rcp_historical_archive,rcp_archive,rcp_archive,,Democrat,Republican,2025-12-05
Cygnal,cygnal,12/5 - 12/7,2025-12-05,2025-12-07,2025-12-07,1500.0,LV,48.0,44.0,4.0,48.0,44.0,,,False,True,True,True,False,False,False,False,rcp_historical_archive,rcp_archive,rcp_archive,,Democrat,Republican,2025-12-07
Morning Consult,morning consult,12/5 - 12/7,2025-12-05,2025-12-07,2025-12-07,2201.0,RV,46.0,43.0,3.0,46.0,43.0,,,False,True,True,True,False,False,False,False,rcp_historical_archive,rcp_archive,rcp_archive,,Democrat,Republican,2025-12-07
CNBC,cnbc,12/4 - 12/8,2025-12-04,2025-12-08,2025-12-08,800.0,RV,50.0,46.0,4.0,50.0,46.0,,,False,True,True,True,False,False,False,False,rcp_historical_archive,rcp_archive,rcp_archive,,Democrat,Republican,2025-12-08
Economist/YouGov,economist/yougov,12/5 - 12/8,2025-12-05,2025-12-08,2025-12-08,1380.0,RV,42.0,37.0,5.0,42.0,37.0,,,False,True,True,True,False,False,False,False,rcp_historical_archive,rcp_archive,rcp_archive,,Democrat,Republican,2025-12-08
Reuters/Ipsos,reuters/ipsos,12/3 - 12/8,2025-12-03,2025-12-08,2025-12-08,3521.0,RV,40.0,39.0,1.0,40.0,39.0,,,False,True,True,True,False,False,False,False,rcp_historical_archive,rcp_archive,rcp_archive,,Democrat,Republican,2025-12-08
Big Data Poll,big data poll,12/10 - 12/12,2025-12-10,2025-12-12,2025-12-12,3004.0,RV,47.0,43.0,4.0,47.0,43.0,,,False,True,True,True,False,False,False,False,rcp_historical_archive,rcp_archive,rcp_archive,,Democrat,Republican,2025-12-12
Economist/YouGov,economist/yougov,12/12 - 12/15,2025-12-12,2025-12-15,2025-12-15,1453.0,RV,43.0,39.0,4.0,43.0,39.0,,,False,True,True,True,False,False,False,False,rcp_historical_archive,rcp_archive,rcp_archive,,Democrat,Republican,2025-12-15
Emerson,emerson,12/14 - 12/15,2025-12-14,2025-12-15,2025-12-15,1000.0,RV,44.0,42.0,2.0,44.0,42.0,,,False,True,True,True,False,False,False,False,rcp_historical_archive,rcp_archive,rcp_archive,,Democrat,Republican,2025-12-15
Morning Consult,morning consult,12/12 - 12/15,2025-12-12,2025-12-15,2025-12-15,2201.0,RV,45.0,44.0,1.0,45.0,44.0,,,False,True,True,True,False,False,False,False,rcp_historical_archive,rcp_archive,rcp_archive,,Democrat,Republican,2025-12-15
Quinnipiac,quinnipiac,12/11 - 12/15,2025-12-11,2025-12-15,2025-12-15,1035.0,RV,47.0,43.0,4.0,47.0,43.0,,,False,True,True,True,False,False,False,False,rcp_historical_archive,rcp_archive,rcp_archive,,Democrat,Republican,2025-12-15
Reuters/Ipsos,reuters/ipsos,12/12 - 12/15,2025-12-12,2025-12-15,2025-12-15,775.0,RV,40.0,36.0,4.0,40.0,36.0,,,False,True,True,True,False,False,False,False,rcp_historical_archive,rcp_archive,rcp_archive,,Democrat,Republican,2025-12-15
Quantus Insights,quantus insights,12/15 - 12/16,2025-12-15,2025-12-16,2025-12-16,1000.0,RV,43.0,41.0,2.0,43.0,41.0,,,False,True,True,True,False,False,False,False,rcp_historical_archive,rcp_archive,rcp_archive,,Democrat,Republican,2025-12-16
Atlas Intel,atlas intel,12/15 - 12/19,2025-12-15,2025-12-19,2025-12-19,2315.0,ADULTS,54.0,38.0,16.0,54.0,38.0,,,False,True,True,True,False,False,False,False,rcp_historical_archive,rcp_archive,rcp_archive,,Democrat,Republican,2025-12-19
Morning Consult,morning consult,12/19 - 12/21,2025-12-19,2025-12-21,2025-12-21,2203.0,RV,47.0,43.0,4.0,47.0,43.0,,,False,True,True,True,False,False,False,False,rcp_historical_archive,rcp_archive,rcp_archive,,Democrat,Republican,2025-12-21
Economist/YouGov,economist/yougov,12/20 - 12/22,2025-12-20,2025-12-22,2025-12-22,1425.0,RV,43.0,40.0,3.0,43.0,40.0,,,False,True,True,True,False,False,False,False,rcp_historical_archive,rcp_archive,rcp_archive,,Democrat,Republican,2025-12-22
Big Data Poll,big data poll,12/26 - 12/28,2025-12-26,2025-12-28,2025-12-28,3412.0,LV,49.0,44.0,5.0,49.0,44.0,,,False,True,True,True,False,False,False,False,rcp_historical_archive,rcp_archive,rcp_archive,,Democrat,Republican,2025-12-28
Economist/YouGov,economist/yougov,12/26 - 12/29,2025-12-26,2025-12-29,2025-12-29,1420.0,RV,42.0,38.0,4.0,42.0,38.0,,,False,True,True,True,False,False,False,False,rcp_historical_archive,rcp_archive,rcp_archive,,Democrat,Republican,2025-12-29
Morning Consult,morning consult,1/2 - 1/4,2026-01-02,2026-01-04,2026-01-04,2201.0,RV,45.0,42.0,3.0,45.0,42.0,,,False,True,True,True,False,False,False,False,rcp_historical_archive,rcp_archive,rcp_archive,,Democrat,Republican,2026-01-04
Economist/YouGov,economist/yougov,1/2 - 1/5,2026-01-02,2026-01-05,2026-01-05,1389.0,RV,45.0,39.0,6.0,45.0,39.0,,,False,True,True,True,False,False,False,False,rcp_historical_archive,rcp_archive,rcp_archive,,Democrat,Republican,2026-01-05
Cygnal,cygnal,1/7 - 1/8,2026-01-07,2026-01-08,2026-01-08,1500.0,LV,48.0,45.0,3.0,48.0,45.0,,,False,True,True,True,False,False,False,False,rcp_historical_archive,rcp_archive,rcp_archive,,Democrat,Republican,2026-01-08
RMG Research**,rmg research,1/5 - 1/8,2026-01-05,2026-01-08,2026-01-08,2000.0,RV,47.0,46.0,1.0,47.0,46.0,,,False,True,True,True,False,False,False,True,rcp_historical_archive,rcp_archive,rcp_archive,,Democrat,Republican,2026-01-08
CNN,cnn,1/9 - 1/12,2026-01-09,2026-01-12,2026-01-12,968.0,RV,46.0,41.0,5.0,46.0,41.0,,,False,True,True,True,False,False,False,False,rcp_historical_archive,rcp_archive,rcp_archive,,Democrat,Republican,2026-01-12
Economist/YouGov,economist/yougov,1/9 - 1/12,2026-01-09,2026-01-12,2026-01-12,1437.0,RV,44.0,40.0,4.0,44.0,40.0,,,False,True,True,True,False,False,False,False,rcp_historical_archive,rcp_archive,rcp_archive,,Democrat,Republican,2026-01-12
Morning Consult,morning consult,1/9 - 1/12,2026-01-09,2026-01-12,2026-01-12,2201.0,RV,46.0,43.0,3.0,46.0,43.0,,,False,True,True,True,False,False,False,False,rcp_historical_archive,rcp_archive,rcp_archive,,Democrat,Republican,2026-01-12
Reuters/Ipsos,reuters/ipsos,1/12 - 1/13,2026-01-12,2026-01-13,2026-01-13,941.0,RV,40.0,38.0,2.0,40.0,38.0,,,False,True,True,True,False,False,False,False,rcp_historical_archive,rcp_archive,rcp_archive,,Democrat,Republican,2026-01-13
Wall Street Journal,wall street journal,1/8 - 1/13,2026-01-08,2026-01-13,2026-01-13,1500.0,RV,47.0,43.0,4.0,47.0,43.0,,,False,True,True,True,False,False,False,False,rcp_historical_archive,rcp_archive,rcp_archive,,Democrat,Republican,2026-01-13
Rasmussen Reports,rasmussen reports,1/7 - 1/14,2026-01-07,2026-01-14,2026-01-14,2273.0,LV,47.0,41.0,6.0,47.0,41.0,,,False,True,True,True,False,False,False,False,rcp_historical_archive,rcp_archive,rcp_archive,,Democrat,Republican,2026-01-14
NY Times/Siena,ny times/siena,1/12 - 1/17,2026-01-12,2026-01-17,2026-01-17,1625.0,RV,48.0,43.0,5.0,48.0,43.0,,,False,True,True,True,False,False,False,False,rcp_historical_archive,rcp_archive,rcp_archive,,Democrat,Republican,2026-01-17
Morning Consult,morning consult,1/16 - 1/18,2026-01-16,2026-01-18,2026-01-18,2201.0,RV,45.0,43.0,2.0,45.0,43.0,,,False,True,True,True,False,False,False,False,rcp_historical_archive,rcp_archive,rcp_archive,,Democrat,Republican,2026-01-18
Economist/YouGov,economist/yougov,1/16 - 1/19,2026-01-16,2026-01-19,2026-01-19,1549.0,RV,43.0,39.0,4.0,43.0,39.0,,,False,True,True,True,False,False,False,False,rcp_historical_archive,rcp_archive,rcp_archive,,Democrat,Republican,2026-01-19
Emerson,emerson,1/17 - 1/19,2026-01-17,2026-01-19,2026-01-19,1000.0,LV,48.0,42.0,6.0,48.0,42.0,,,False,True,True,True,False,False,False,False,rcp_historical_archive,rcp_archive,rcp_archive,,Democrat,Republican,2026-01-19
Quantus Insights,quantus insights,1/20 - 1/22,2026-01-20,2026-01-22,2026-01-22,1000.0,RV,47.0,41.0,6.0,47.0,41.0,,,False,True,True,True,False,False,False,False,rcp_historical_archive,rcp_archive,rcp_archive,,Democrat,Republican,2026-01-22
Big Data Poll,big data poll,1/22 - 1/24,2026-01-22,2026-01-24,2026-01-24,2909.0,LV,48.0,44.0,4.0,48.0,44.0,,,False,True,True,True,False,False,False,False,rcp_historical_archive,rcp_archive,rcp_archive,,Democrat,Republican,2026-01-24
Morning Consult,morning consult,1/23 - 1/25,2026-01-23,2026-01-25,2026-01-25,2201.0,RV,45.0,43.0,2.0,45.0,43.0,,,False,True,True,True,False,False,False,False,rcp_historical_archive,rcp_archive,rcp_archive,,Democrat,Republican,2026-01-25
Reuters/Ipsos,reuters/ipsos,1/23 - 1/25,2026-01-23,2026-01-25,2026-01-25,906.0,RV,41.0,37.0,4.0,41.0,37.0,,,False,True,True,True,False,False,False,False,rcp_historical_archive,rcp_archive,rcp_archive,,Democrat,Republican,2026-01-25
Economist/YouGov,economist/yougov,1/23 - 1/26,2026-01-23,2026-01-26,2026-01-26,1520.0,RV,43.0,38.0,5.0,43.0,38.0,,,False,True,True,True,False,False,False,False,rcp_historical_archive,rcp_archive,rcp_archive,,Democrat,Republican,2026-01-26
FOX News,fox news,1/23 - 1/26,2026-01-23,2026-01-26,2026-01-26,1005.0,RV,52.0,46.0,6.0,52.0,46.0,,,False,True,True,True,False,False,False,False,rcp_historical_archive,rcp_archive,rcp_archive,,Democrat,Republican,2026-01-26
Cygnal,cygnal,1/27 - 1/28,2026-01-27,2026-01-28,2026-01-28,1004.0,LV,48.0,44.0,4.0,48.0,44.0,,,False,True,True,True,False,False,False,False,rcp_historical_archive,rcp_archive,rcp_archive,,Democrat,Republican,2026-01-28
Marquette,marquette,1/21 - 1/28,2026-01-21,2026-01-28,2026-01-28,,LV,52.0,45.0,7.0,52.0,45.0,,,False,True,False,True,False,True,False,False,rcp_historical_archive,rcp_archive,rcp_archive,,Democrat,Republican,2026-01-28
Harvard-Harris,harvard-harris,1/28 - 1/29,2026-01-28,2026-01-29,2026-01-29,2000.0,RV,52.0,48.0,4.0,52.0,48.0,,,False,True,True,True,False,False,False,False,rcp_historical_archive,rcp_archive,rcp_archive,,Democrat,Republican,2026-01-29
I&I/TIPP,i&i/tipp,1/27 - 1/29,2026-01-27,2026-01-29,2026-01-29,1126.0,RV,45.0,42.0,3.0,45.0,42.0,,,False,True,True,True,False,False,False,False,rcp_historical_archive,rcp_archive,rcp_archive,,Democrat,Republican,2026-01-29
PPP (D)**,ppp (d),1/29 - 1/30,2026-01-29,2026-01-30,2026-01-30,652.0,RV,48.0,41.0,7.0,48.0,41.0,,,False,True,True,True,False,False,False,True,rcp_historical_archive,rcp_archive,rcp_archive,,Democrat,Republican,2026-01-30
Morning Consult,morning consult,1/30 - 2/1,2026-01-30,2026-02-01,2026-02-01,2201.0,RV,47.0,42.0,5.0,47.0,42.0,,,False,True,True,True,False,False,False,False,rcp_historical_archive,rcp_archive,rcp_archive,,Democrat,Republican,2026-02-01
Economist/YouGov,economist/yougov,1/30 - 2/2,2026-01-30,2026-02-02,2026-02-02,1504.0,RV,44.0,40.0,4.0,44.0,40.0,,,False,True,True,True,False,False,False,False,rcp_historical_archive,rcp_archive,rcp_archive,,Democrat,Republican,2026-02-02
Cygnal,cygnal,2/3 - 2/4,2026-02-03,2026-02-04,2026-02-04,1500.0,LV,48.0,44.0,4.0,48.0,44.0,,,False,True,True,True,False,False,False,False,rcp_historical_archive,rcp_archive,rcp_archive,,Democrat,Republican,2026-02-04
Economist/YouGov,economist/yougov,2/6 - 2/9,2026-02-06,2026-02-09,2026-02-09,1551.0,RV,44.0,38.0,6.0,44.0,38.0,,,False,True,True,True,False,False,False,False,rcp_historical_archive,rcp_archive,rcp_archive,,Democrat,Republican,2026-02-09
Morning Consult,morning consult,2/6 - 2/9,2026-02-06,2026-02-09,2026-02-09,2200.0,RV,45.0,41.0,4.0,45.0,41.0,,,False,True,True,True,False,False,False,False,rcp_historical_archive,rcp_archive,rcp_archive,,Democrat,Republican,2026-02-09
RMG Research**,rmg research,2/9 - 2/12,2026-02-09,2026-02-12,2026-02-12,2000.0,RV,45.0,47.0,-2.0,45.0,47.0,,,False,True,True,True,False,False,False,True,rcp_historical_archive,rcp_archive,rcp_archive,,Democrat,Republican,2026-02-12
Yahoo News,yahoo news,2/9 - 2/12,2026-02-09,2026-02-12,2026-02-12,1149.0,RV,44.0,41.0,3.0,44.0,41.0,,,False,True,True,True,False,False,False,False,rcp_historical_archive,rcp_archive,rcp_archive,,Democrat,Republican,2026-02-12
Quantus Insights,quantus insights,2/13 - 2/13,2026-02-13,2026-02-13,2026-02-13,1515.0,LV,48.0,42.0,6.0,48.0,42.0,,,False,True,True,True,False,False,False,False,rcp_historical_archive,rcp_archive,rcp_archive,,Democrat,Republican,2026-02-13
Economist/YouGov,economist/yougov,2/13 - 2/16,2026-02-13,2026-02-16,2026-02-16,1512.0,RV,47.0,40.0,7.0,47.0,40.0,,,False,True,True,True,False,False,False,False,rcp_historical_archive,rcp_archive,rcp_archive,,Democrat,Republican,2026-02-16
Reuters/Ipsos,reuters/ipsos,2/13 - 2/16,2026-02-13,2026-02-16,2026-02-16,866.0,RV,41.0,37.0,4.0,41.0,37.0,,,False,True,True,True,False,False,False,False,rcp_historical_archive,rcp_archive,rcp_archive,,Democrat,Republican,2026-02-16
ABC/WP/Ipsos,abc/wp/ipsos,2/12 - 2/17,2026-02-12,2026-02-17,2026-02-17,2087.0,RV,47.0,45.0,2.0,47.0,45.0,,,False,True,True,True,False,False,False,False,rcp_historical_archive,rcp_archive,rcp_archive,,Democrat,Republican,2026-02-17
Big Data Poll,big data poll,2/16 - 2/18,2026-02-16,2026-02-18,2026-02-18,1805.0,LV,50.0,41.0,9.0,50.0,41.0,,,False,True,True,True,False,False,False,False,rcp_historical_archive,rcp_archive,rcp_archive,,Democrat,Republican,2026-02-18
Morning Consult,morning consult,2/20 - 2/22,2026-02-20,2026-02-22,2026-02-22,2202.0,RV,46.0,42.0,4.0,46.0,42.0,,,False,True,True,True,False,False,False,False,rcp_historical_archive,rcp_archive,rcp_archive,,Democrat,Republican,2026-02-22
Economist/YouGov,economist/yougov,2/20 - 2/23,2026-02-20,2026-02-23,2026-02-23,1402.0,RV,45.0,41.0,4.0,45.0,41.0,,,False,True,True,True,False,False,False,False,rcp_historical_archive,rcp_archive,rcp_archive,,Democrat,Republican,2026-02-23
Reuters/Ipsos,reuters/ipsos,2/18 - 2/23,2026-02-18,2026-02-23,2026-02-23,3686.0,RV,40.0,38.0,2.0,40.0,38.0,,,False,True,True,True,False,False,False,False,rcp_historical_archive,rcp_archive,rcp_archive,,Democrat,Republican,2026-02-23
Emerson,emerson,,2026-02-26,2026-02-26,2026-02-26,,,50.0,42.0,8.0,50.0,42.0,,,False,False,False,False,True,True,True,False,rcp_latest_house_page,rcp_latest_page,published_date_fallback,RCP latest house page row; publication-date fallback,Democrat,Republican,2026-02-26
CBS News,cbs news,,2026-03-01,2026-03-01,2026-03-01,,,45.0,40.0,5.0,45.0,40.0,,,False,False,False,False,True,True,True,False,rcp_latest_house_page,rcp_latest_page,published_date_fallback,RCP latest house page row; publication-date fallback,Democrat,Republican,2026-03-01
Harvard-Harris,harvard-harris,,2026-03-02,2026-03-02,2026-03-02,,,50.0,50.0,0.0,50.0,50.0,,,False,False,False,False,True,True,True,False,rcp_latest_house_page,rcp_latest_page,published_date_fallback,RCP latest house page row; publication-date fallback,Democrat,Republican,2026-03-02
Economist/YouGov,economist/yougov,,2026-03-03,2026-03-03,2026-03-03,,,45.0,41.0,4.0,45.0,41.0,,,False,False,False,False,True,True,True,False,rcp_latest_house_page,rcp_latest_page,published_date_fallback,RCP latest house page row; publication-date fallback,Democrat,Republican,2026-03-03
Quantus Insights,quantus insights,,2026-03-04,2026-03-04,2026-03-04,,,48.0,42.0,6.0,48.0,42.0,,,False,False,False,False,True,True,True,False,rcp_latest_house_page,rcp_latest_page,published_date_fallback,RCP latest house page row; publication-date fallback,Democrat,Republican,2026-03-04
RMG Research**,rmg research,,2026-03-06,2026-03-06,2026-03-06,,,46.0,46.0,0.0,46.0,46.0,,,False,False,False,False,True,True,True,True,rcp_latest_house_page,rcp_latest_page,published_date_fallback,RCP latest house page row; publication-date fallback,Democrat,Republican,2026-03-06
NBC News,nbc news,,2026-03-08,2026-03-08,2026-03-08,,,50.0,44.0,6.0,50.0,44.0,,,False,False,False,False,True,True,True,False,rcp_latest_house_page,rcp_latest_page,published_date_fallback,RCP latest house page row; publication-date fallback,Democrat,Republican,2026-03-08
Cygnal,cygnal,,2026-03-09,2026-03-09,2026-03-09,,,49.0,45.0,4.0,49.0,45.0,,,False,False,False,False,True,True,True,False,rcp_latest_house_page,rcp_latest_page,published_date_fallback,RCP latest house page row; publication-date fallback,Democrat,Republican,2026-03-09
Economist/YouGov,economist/yougov,,2026-03-10,2026-03-10,2026-03-10,,,45.0,42.0,3.0,45.0,42.0,,,False,False,False,False,True,True,True,False,rcp_latest_house_page,rcp_latest_page,published_date_fallback,RCP latest house page row; publication-date fallback,Democrat,Republican,2026-03-10
NPR/PBS/Marist,npr/pbs/marist,,2026-03-11,2026-03-11,2026-03-11,,,53.0,44.0,9.0,53.0,44.0,,,False,False,False,False,True,True,True,False,rcp_latest_house_page,rcp_latest_page,published_date_fallback,RCP latest house page row; publication-date fallback,Democrat,Republican,2026-03-11
I&I/TIPP,i&i/tipp,,2026-03-12,2026-03-12,2026-03-12,,,46.0,44.0,2.0,46.0,44.0,,,False,False,False,False,True,True,True,False,rcp_latest_house_page,rcp_latest_page,published_date_fallback,RCP latest house page row; publication-date fallback,Democrat,Republican,2026-03-12
Morning Consult,morning consult,,2026-03-12,2026-03-12,2026-03-12,,,47.0,43.0,4.0,47.0,43.0,,,False,False,False,False,True,True,True,False,rcp_latest_house_page,rcp_latest_page,published_date_fallback,RCP latest house page row; publication-date fallback,Democrat,Republican,2026-03-12
Economist/YouGov,economist/yougov,,2026-03-17,2026-03-17,2026-03-17,,,43.0,41.0,2.0,43.0,41.0,,,False,False,False,False,True,True,True,False,rcp_latest_house_page,rcp_latest_page,published_date_fallback,RCP latest house page row; publication-date fallback,Democrat,Republican,2026-03-17
Morning Consult,morning consult,,2026-03-17,2026-03-17,2026-03-17,,,48.0,40.0,8.0,48.0,40.0,,,False,False,False,False,True,True,True,False,rcp_latest_house_page,rcp_latest_page,published_date_fallback,RCP latest house page row; publication-date fallback,Democrat,Republican,2026-03-17
Yahoo News,yahoo news,,2026-03-18,2026-03-18,2026-03-18,,,44.0,40.0,4.0,44.0,40.0,,,False,False,False,False,True,True,True,False,rcp_latest_house_page,rcp_latest_page,published_date_fallback,RCP latest house page row; publication-date fallback,Democrat,Republican,2026-03-18
Reuters/Ipsos,reuters/ipsos,,2026-03-19,2026-03-19,2026-03-19,,,40.0,37.0,3.0,40.0,37.0,,,False,False,False,False,True,True,True,False,rcp_latest_house_page,rcp_latest_page,published_date_fallback,RCP latest house page row; publication-date fallback,Democrat,Republican,2026-03-19
Emerson,emerson,,2026-03-20,2026-03-20,2026-03-20,,,49.0,42.0,7.0,49.0,42.0,,,False,False,False,False,True,True,True,False,rcp_latest_house_page,rcp_latest_page,published_date_fallback,RCP latest house page row; publication-date fallback,Democrat,Republican,2026-03-20
Quantus Insights,quantus insights,,2026-03-20,2026-03-20,2026-03-20,,,47.0,42.0,5.0,47.0,42.0,,,False,False,False,False,True,True,True,False,rcp_latest_house_page,rcp_latest_page,published_date_fallback,RCP latest house page row; publication-date fallback,Democrat,Republican,2026-03-20
Economist/YouGov,economist/yougov,3/20 - 3/23,2026-03-20,2026-03-23,2026-03-24,1501.0,RV,45.0,42.0,3.0,45.0,42.0,,,False,True,True,True,False,False,False,False,rcp_latest_house_page,rcp_latest_page,external_or_seed_metadata,RCP row with DDHQ metadata,Democrat,Republican,2026-03-23
Reuters/Ipsos,reuters/ipsos,3/20 - 3/23,2026-03-20,2026-03-23,2026-03-24,985.0,RV,40.0,38.0,2.0,40.0,38.0,,,False,True,True,True,False,False,False,False,rcp_latest_house_page,rcp_latest_page,external_or_seed_metadata,RCP row with DDHQ metadata,Democrat,Republican,2026-03-23
Quinnipiac,quinnipiac,3/19 - 3/23,2026-03-19,2026-03-23,2026-03-25,1191.0,RV,51.0,40.0,11.0,51.0,40.0,,,False,True,True,True,False,False,False,False,rcp_latest_house_page,rcp_latest_page,external_or_seed_metadata,RCP row with search-snippet metadata,Democrat,Republican,2026-03-23
Rasmussen Reports,rasmussen reports,3/16 - 3/23,2026-03-16,2026-03-23,2026-03-27,2222.0,LV,45.0,42.0,3.0,45.0,42.0,,,False,True,True,True,False,False,False,False,rcp_latest_house_page,rcp_latest_page,external_or_seed_metadata,RCP row with official Rasmussen metadata,Democrat,Republican,2026-03-23
Big Data Poll,big data poll,3/22 - 3/24,2026-03-22,2026-03-24,2026-03-26,3003.0,LV,48.0,40.0,8.0,48.0,40.0,,,False,True,True,True,False,False,False,False,rcp_latest_house_page,rcp_latest_page,external_or_seed_metadata,RCP row with search-snippet metadata,Democrat,Republican,2026-03-24
Quantus Insights,quantus insights,3/25 - 3/26,2026-03-25,2026-03-26,2026-03-27,1472.0,LV,47.0,41.0,6.0,47.0,41.0,,,False,True,True,True,False,False,False,False,rcp_latest_house_page,rcp_latest_page,external_or_seed_metadata,RCP row with DDHQ metadata,Democrat,Republican,2026-03-26
Harvard-Harris,harvard-harris,3/25 - 3/26,2026-03-25,2026-03-26,2026-03-30,2009.0,LV,51.0,49.0,2.0,52.0,48.0,51.0,49.0,True,True,True,True,False,False,False,False,rcp_latest_house_page,official_override_from_pdf,external_or_seed_metadata,RCP display row; official PDF topline differs,Democrat,Republican,2026-03-26
Economist/YouGov,economist/yougov,3/27 - 3/30,2026-03-27,2026-03-30,2026-03-31,1502.0,RV,45.0,39.0,6.0,45.0,39.0,,,False,True,True,True,False,False,False,False,rcp_latest_house_page,rcp_latest_page,external_or_seed_metadata,RCP row with DDHQ metadata,Democrat,Republican,2026-03-30
